OK	16574	6	piglit/glsl2/16384-consecutive-chars.frag
OK	16575	6	piglit/glsl2/16385-consecutive-chars.frag
OK	17103	27	piglit/glsl2/17000-consecutive-chars-identifier.frag
OK	182	89	piglit/glsl2/array-06.vert
OK	160	63	piglit/glsl2/array-14.vert
OK	155	46	piglit/glsl2/array-19.vert
OK	234	53	piglit/glsl2/array-23.vert
OK	406	68	piglit/glsl2/bit-logic-01.frag
OK	447	107	piglit/glsl2/bit-logic-02.frag
OK	685	275	piglit/glsl2/bit-logic-03.frag
OK	685	275	piglit/glsl2/bit-logic-04.frag
OK	1941	843	piglit/glsl2/bit-logic-10.frag
OK	408	64	piglit/glsl2/bit-logic-assign-01.frag
OK	435	89	piglit/glsl2/bit-logic-assign-02.frag
OK	498	131	piglit/glsl2/bit-logic-assign-03.frag
OK	498	131	piglit/glsl2/bit-logic-assign-04.frag
OK	872	266	piglit/glsl2/bit-logic-assign-10.frag
OK	339	41	piglit/glsl2/bit-not-03.frag
OK	346	48	piglit/glsl2/bit-not-04.frag
OK	353	53	piglit/glsl2/bit-not-05.frag
OK	353	53	piglit/glsl2/bit-not-06.frag
OK	461	57	piglit/glsl2/bit-shift-01.frag
OK	489	83	piglit/glsl2/bit-shift-02.frag
OK	764	281	piglit/glsl2/bit-shift-03.frag
OK	764	281	piglit/glsl2/bit-shift-04.frag
OK	405	70	piglit/glsl2/bit-shift-05.frag
OK	1239	533	piglit/glsl2/bit-shift-06.frag
OK	1902	807	piglit/glsl2/bit-shift-07.frag
OK	467	58	piglit/glsl2/bit-shift-assign-01.frag
OK	488	77	piglit/glsl2/bit-shift-assign-02.frag
OK	615	161	piglit/glsl2/bit-shift-assign-03.frag
OK	615	161	piglit/glsl2/bit-shift-assign-04.frag
OK	476	87	piglit/glsl2/bit-shift-assign-05.frag
OK	996	449	piglit/glsl2/bit-shift-assign-06.frag
OK	1765	629	piglit/glsl2/bit-shift-assign-07.frag
OK	668	361	piglit/glsl2/builtin-functions-110.frag
OK	8993	4812	piglit/glsl2/builtin-functions-110.vert
OK	2256	1345	piglit/glsl2/builtin-functions-120.vert
OK	789	128	piglit/glsl2/builtin-overload-matching.frag
OK	290	156	piglit/glsl2/builtin-texturematrix.frag
OK	197	95	piglit/glsl2/condition-03.vert
OK	208	108	piglit/glsl2/condition-05.vert
OK	154	78	piglit/glsl2/condition-08.vert
OK	214	117	piglit/glsl2/const-array-01.frag
OK	306	193	piglit/glsl2/const-array-02.frag
OK	317	200	piglit/glsl2/const-array-03.frag
OK	321	203	piglit/glsl2/const-array-04.frag
OK	322	205	piglit/glsl2/const-array-05.frag
OK	165	79	piglit/glsl2/const-implicit-conversion.frag
OK	198	99	piglit/glsl2/const-mat-scalar-01.frag
OK	198	102	piglit/glsl2/const-mat-scalar-02.frag
OK	196	96	piglit/glsl2/const-mat-scalar-03.frag
OK	196	96	piglit/glsl2/const-mat-scalar-04.frag
OK	233	132	piglit/glsl2/const-matrix-multiply-01.frag
OK	380	176	piglit/glsl2/const-matrix-multiply-02.frag
OK	259	146	piglit/glsl2/const-vec-mat.frag
OK	221	118	piglit/glsl2/const-vec-scalar-01.frag
OK	220	120	piglit/glsl2/const-vec-scalar-02.frag
OK	218	114	piglit/glsl2/const-vec-scalar-03.frag
OK	218	114	piglit/glsl2/const-vec-scalar-04.frag
OK	227	124	piglit/glsl2/const-vec-scalar-05.frag
OK	148	54	piglit/glsl2/constructor-01.vert
OK	189	91	piglit/glsl2/constructor-06.vert
OK	197	99	piglit/glsl2/constructor-07.vert
OK	199	101	piglit/glsl2/constructor-08.vert
OK	350	230	piglit/glsl2/constructor-09.vert
OK	166	100	piglit/glsl2/constructor-11.vert
OK	133	56	piglit/glsl2/constructor-12.vert
OK	161	86	piglit/glsl2/constructor-13.vert
OK	144	52	piglit/glsl2/constructor-14.vert
OK	139	48	piglit/glsl2/constructor-15.vert
OK	245	131	piglit/glsl2/constructor-16.vert
OK	146	49	piglit/glsl2/constructor-17.vert
OK	174	77	piglit/glsl2/constructor-18.vert
OK	173	76	piglit/glsl2/constructor-19.vert
OK	172	75	piglit/glsl2/constructor-20.vert
OK	208	115	piglit/glsl2/constructor-21.vert
OK	241	147	piglit/glsl2/constructor-22.vert
OK	158	74	piglit/glsl2/constructor-23.vert
OK	158	74	piglit/glsl2/constructor-24.vert
OK	202	64	piglit/glsl2/constructor-26.vert
OK	311	101	piglit/glsl2/constructor-28.vert
OK	164	86	piglit/glsl2/defined-01.vert
OK	494	412	piglit/glsl2/defined-02.vert
OK	197	106	piglit/glsl2/draw_buffers-01.frag
OK	816	109	piglit/glsl2/draw_buffers-05.vert
OK	290	68	piglit/glsl2/draw_buffers-06.vert
OK	199	103	piglit/glsl2/draw_buffers-08.frag
OK	268	156	piglit/glsl2/function-03.vert
OK	392	254	piglit/glsl2/function-06.vert
OK	264	64	piglit/glsl2/function-11.vert
OK	1368	277	piglit/glsl2/gst-gl-bulge.frag
OK	2135	486	piglit/glsl2/gst-gl-bumper.frag
OK	1923	431	piglit/glsl2/gst-gl-bumper.vert
OK	1698	472	piglit/glsl2/gst-gl-convolution.frag
OK	2056	517	piglit/glsl2/gst-gl-cube-v.vert
OK	1227	225	piglit/glsl2/gst-gl-difference.frag
OK	1354	263	piglit/glsl2/gst-gl-fisheye.frag
OK	2073	880	piglit/glsl2/gst-gl-glass.frag
OK	3709	1493	piglit/glsl2/gst-gl-greedyh.frag
OK	1759	428	piglit/glsl2/gst-gl-hconv9.frag
OK	1233	227	piglit/glsl2/gst-gl-interpolate.frag
OK	1230	248	piglit/glsl2/gst-gl-luma-threshold.frag
OK	1234	236	piglit/glsl2/gst-gl-luma-to-curve.frag
OK	1341	252	piglit/glsl2/gst-gl-mirror.frag
OK	1080	126	piglit/glsl2/gst-gl-mosaic-f.frag
OK	1985	562	piglit/glsl2/gst-gl-mosaic-v.vert
OK	1249	227	piglit/glsl2/gst-gl-multiply.frag
OK	1315	247	piglit/glsl2/gst-gl-rgb-to-curve.frag
OK	2390	806	piglit/glsl2/gst-gl-sin.frag
OK	1915	620	piglit/glsl2/gst-gl-sobel.frag
OK	1448	317	piglit/glsl2/gst-gl-square.frag
OK	1389	285	piglit/glsl2/gst-gl-squeeze.frag
OK	1248	237	piglit/glsl2/gst-gl-sum.frag
OK	1736	566	piglit/glsl2/gst-gl-text-download-i420-yv12.frag
OK	1840	600	piglit/glsl2/gst-gl-text-download-yuy2-uyvy.frag
OK	1396	323	piglit/glsl2/gst-gl-text-upload-ayuv.frag
OK	1566	337	piglit/glsl2/gst-gl-text-upload-i420-yv12.frag
OK	1697	382	piglit/glsl2/gst-gl-text-upload-yuy2-uyvy.frag
OK	1760	341	piglit/glsl2/gst-gl-texture-interp.frag
OK	1611	337	piglit/glsl2/gst-gl-tunnel.frag
OK	1483	344	piglit/glsl2/gst-gl-twirl.frag
OK	1600	389	piglit/glsl2/gst-gl-vconv9.frag
OK	226	120	piglit/glsl2/if-03.vert
OK	229	123	piglit/glsl2/if-04.vert
OK	230	135	piglit/glsl2/implicit-conversion-01.vert
OK	256	107	piglit/glsl2/invariant-01.vert
OK	356	81	piglit/glsl2/invariant-02.vert
OK	119	45	piglit/glsl2/late-proto.vert
OK	296	123	piglit/glsl2/local-function-03.frag
OK	260	128	piglit/glsl2/loop-01.vert
OK	272	135	piglit/glsl2/loop-02.vert
PARSE_FAIL	175	175	piglit/glsl2/loop-03.vert
PARSE_FAIL	201	201	piglit/glsl2/loop-04.vert
OK	250	63	piglit/glsl2/loop-06.vert
OK	217	126	piglit/glsl2/loop-07.frag
OK	434	296	piglit/glsl2/matrix-07.vert
OK	387	143	piglit/glsl2/matrix-08.vert
OK	194	91	piglit/glsl2/matrix-10.vert
OK	146	52	piglit/glsl2/matrix-11.vert
OK	155	61	piglit/glsl2/matrix-12.vert
OK	217	134	piglit/glsl2/max-uvec3.vert
OK	1985	796	piglit/glsl2/norsetto-bumptbn_sh_fp.frag
OK	1157	343	piglit/glsl2/norsetto-bumptbn_sh_fp.vert
OK	131	37	piglit/glsl2/parameters-02.vert
OK	213	121	piglit/glsl2/pragma-01.vert
OK	352	75	piglit/glsl2/pragma-02.vert
PARSE_FAIL	444	444	piglit/glsl2/pragma-07.vert
OK	491	256	piglit/glsl2/pragma-08.frag
OK	119	27	piglit/glsl2/precision-02.vert
OK	145	37	piglit/glsl2/precision-04.vert
OK	388	38	piglit/glsl2/precision-05.vert
OK	238	86	piglit/glsl2/precision-06.vert
OK	290	94	piglit/glsl2/preprocessor-01.frag
OK	249	84	piglit/glsl2/redeclaration-01.vert
OK	265	107	piglit/glsl2/redeclaration-02.vert
OK	386	89	piglit/glsl2/redeclaration-09.vert
OK	207	65	piglit/glsl2/redeclaration-12.vert
OK	209	72	piglit/glsl2/redeclaration-14.vert
OK	267	84	piglit/glsl2/redeclaration-16.vert
OK	204	107	piglit/glsl2/repeated-channel-assignment.vert
OK	245	130	piglit/glsl2/struct-03.vert
OK	191	84	piglit/glsl2/struct-04.vert
OK	288	139	piglit/glsl2/struct-06.frag
OK	146	52	piglit/glsl2/swiz-01.vert
OK	174	78	piglit/glsl2/tex_rect-01.frag
OK	277	59	piglit/glsl2/tex_rect-03.frag
OK	192	81	piglit/glsl2/tex_rect-04.frag
OK	196	81	piglit/glsl2/tex_rect-05.frag
OK	196	81	piglit/glsl2/tex_rect-06.frag
OK	197	87	piglit/glsl2/tex_rect-07.frag
OK	201	87	piglit/glsl2/tex_rect-08.frag
OK	162	33	piglit/glsl2/unary-plus.frag
OK	209	114	piglit/glsl2/uniform-01.vert
PARSE_FAIL	47205	47205	piglit/glsl2/xonotic-vs-generic-diffuse.vert
OK	2154	441	piglit/glsl2/xreal-lighting-d-omni.frag
OK	1621	222	piglit/glsl2/xreal-lighting-d-omni.vert
OK	2282	512	piglit/glsl2/xreal-lighting-db-omni.frag
OK	1970	366	piglit/glsl2/xreal-lighting-db-omni.vert
OK	2782	719	piglit/glsl2/xreal-lighting-dbs-omni.frag
OK	2106	414	piglit/glsl2/xreal-lighting-dbs-omni.vert
OK	176	84	piglit/shaders/CorrectBuiltInOveride.frag
ROUNDTRIP_FAIL	339	194	piglit/shaders/CorrectComma.frag
OK	733	373	piglit/shaders/CorrectConstFolding1.vert
OK	13278	6906	piglit/shaders/CorrectConstFolding2.vert
OK	527	346	piglit/shaders/CorrectConstruct.vert
OK	195	63	piglit/shaders/CorrectExtension1.V110.frag
OK	628	272	piglit/shaders/CorrectExtension10.V110.frag
OK	303	114	piglit/shaders/CorrectExtension4.V110.frag
PARSE_FAIL	5712	5712	piglit/shaders/CorrectFull.frag
PARSE_FAIL	12504	12504	piglit/shaders/CorrectFull.vert
OK	260	129	piglit/shaders/CorrectFuncOverload.frag
OK	405	206	piglit/shaders/CorrectFuncOverload.vert
OK	10501	4156	piglit/shaders/CorrectFunction.vert
OK	536	330	piglit/shaders/CorrectFunction1.vert
PARSE_FAIL	699	699	piglit/shaders/CorrectMatComma.frag
PARSE_FAIL	434	434	piglit/shaders/CorrectMatComma2.frag
OK	934	517	piglit/shaders/CorrectModule.frag
OK	544	358	piglit/shaders/CorrectParse1.frag
OK	2440	1065	piglit/shaders/CorrectParse2.frag
OK	2623	1152	piglit/shaders/CorrectParse2.vert
OK	518	297	piglit/shaders/CorrectParseTest.frag
OK	285	169	piglit/shaders/CorrectParseTest1.frag
OK	476	338	piglit/shaders/CorrectPreprocess5.frag
OK	1415	1028	piglit/shaders/CorrectPreprocess8.frag
OK	502	351	piglit/shaders/CorrectPreprocess9.frag
OK	324	236	piglit/shaders/CorrectReservedWords.frag
OK	148	48	piglit/shaders/CorrectScalarVectorExpressions.frag
OK	466	155	piglit/shaders/CorrectSwizzle1.frag
OK	284	189	piglit/shaders/CorrectSwizzle1.vert
OK	745	510	piglit/shaders/CorrectSwizzle2.frag
OK	291	177	piglit/shaders/CorrectSwizzle2.vert
OK	444	108	piglit/shaders/CorrectSwizzle3.frag
OK	330	164	piglit/shaders/CorrectUnsizedArray.frag
OK	264	53	piglit/shaders/CorrectVersion.V110.frag
OK	175	76	piglit/shaders/TextureRectangleSamplers.frag
