PARSE_FAIL	16574	16574	243	292	169	piglit/glsl2/16384-consecutive-chars.frag
PARSE_FAIL	16575	16575	243	292	170	piglit/glsl2/16385-consecutive-chars.frag
OK	17103	21	81	88	34	piglit/glsl2/17000-consecutive-chars-identifier.frag
OK	182	82	111	148	95	piglit/glsl2/array-06.vert
OK	160	55	82	120	68	piglit/glsl2/array-14.vert
OK	155	40	74	104	53	piglit/glsl2/array-19.vert
OK	234	46	78	112	59	piglit/glsl2/array-23.vert
OK	406	56	87	120	69	piglit/glsl2/bit-logic-01.frag
OK	447	95	94	128	77	piglit/glsl2/bit-logic-02.frag
OK	685	230	125	160	103	piglit/glsl2/bit-logic-03.frag
OK	685	230	125	160	107	piglit/glsl2/bit-logic-04.frag
OK	1941	720	240	276	212	piglit/glsl2/bit-logic-10.frag
OK	408	49	90	116	62	piglit/glsl2/bit-logic-assign-01.frag
OK	435	74	95	124	70	piglit/glsl2/bit-logic-assign-02.frag
OK	498	104	127	152	94	piglit/glsl2/bit-logic-assign-03.frag
OK	498	104	127	152	95	piglit/glsl2/bit-logic-assign-04.frag
OK	872	215	165	188	134	piglit/glsl2/bit-logic-assign-10.frag
OK	339	35	71	100	48	piglit/glsl2/bit-not-03.frag
OK	346	42	75	108	55	piglit/glsl2/bit-not-04.frag
OK	353	46	78	112	59	piglit/glsl2/bit-not-05.frag
OK	353	46	78	112	59	piglit/glsl2/bit-not-06.frag
OK	461	48	83	112	61	piglit/glsl2/bit-shift-01.frag
OK	489	74	91	124	72	piglit/glsl2/bit-shift-02.frag
OK	764	236	138	168	111	piglit/glsl2/bit-shift-03.frag
OK	764	236	138	168	112	piglit/glsl2/bit-shift-04.frag
OK	405	61	92	128	74	piglit/glsl2/bit-shift-05.frag
OK	1239	446	191	208	159	piglit/glsl2/bit-shift-06.frag
OK	1902	684	238	268	212	piglit/glsl2/bit-shift-07.frag
OK	467	46	89	112	59	piglit/glsl2/bit-shift-assign-01.frag
OK	488	65	95	124	69	piglit/glsl2/bit-shift-assign-02.frag
OK	615	125	140	168	106	piglit/glsl2/bit-shift-assign-03.frag
OK	615	125	140	168	106	piglit/glsl2/bit-shift-assign-04.frag
OK	476	72	104	132	78	piglit/glsl2/bit-shift-assign-05.frag
OK	996	356	182	212	150	piglit/glsl2/bit-shift-assign-06.frag
OK	1765	494	231	248	194	piglit/glsl2/bit-shift-assign-07.frag
OK	668	303	202	228	172	piglit/glsl2/builtin-functions-110.frag
OK	8993	3885	1112	1000	926	piglit/glsl2/builtin-functions-110.vert
OK	2256	1168	422	436	399	piglit/glsl2/builtin-functions-120.vert
OK	789	111	146	168	107	piglit/glsl2/builtin-overload-matching.frag
OK	290	140	112	144	85	piglit/glsl2/builtin-texturematrix.frag
OK	197	78	101	136	83	piglit/glsl2/condition-03.vert
OK	208	92	123	156	98	piglit/glsl2/condition-05.vert
OK	154	64	102	128	77	piglit/glsl2/condition-08.vert
OK	214	102	130	164	105	piglit/glsl2/const-array-01.frag
OK	306	166	151	184	123	piglit/glsl2/const-array-02.frag
OK	317	171	164	200	133	piglit/glsl2/const-array-03.frag
OK	321	174	162	196	131	piglit/glsl2/const-array-04.frag
OK	322	177	164	200	132	piglit/glsl2/const-array-05.frag
OK	165	70	111	132	77	piglit/glsl2/const-implicit-conversion.frag
OK	198	82	100	128	78	piglit/glsl2/const-mat-scalar-01.frag
OK	198	82	97	128	78	piglit/glsl2/const-mat-scalar-02.frag
OK	196	80	99	128	77	piglit/glsl2/const-mat-scalar-03.frag
OK	196	80	96	124	74	piglit/glsl2/const-mat-scalar-04.frag
OK	233	113	132	156	101	piglit/glsl2/const-matrix-multiply-01.frag
OK	380	148	151	168	113	piglit/glsl2/const-matrix-multiply-02.frag
OK	259	121	124	148	96	piglit/glsl2/const-vec-mat.frag
OK	221	98	118	144	93	piglit/glsl2/const-vec-scalar-01.frag
OK	220	97	114	144	90	piglit/glsl2/const-vec-scalar-02.frag
OK	218	95	115	144	90	piglit/glsl2/const-vec-scalar-03.frag
OK	218	95	112	140	87	piglit/glsl2/const-vec-scalar-04.frag
OK	227	106	132	160	103	piglit/glsl2/const-vec-scalar-05.frag
OK	148	44	79	108	57	piglit/glsl2/constructor-01.vert
OK	189	80	111	144	93	piglit/glsl2/constructor-06.vert
OK	197	86	111	144	84	piglit/glsl2/constructor-07.vert
OK	199	88	112	144	84	piglit/glsl2/constructor-08.vert
OK	350	191	150	184	125	piglit/glsl2/constructor-09.vert
OK	166	79	112	144	82	piglit/glsl2/constructor-11.vert
OK	133	47	83	112	60	piglit/glsl2/constructor-12.vert
OK	161	75	105	136	81	piglit/glsl2/constructor-13.vert
OK	144	45	80	112	58	piglit/glsl2/constructor-14.vert
OK	139	41	78	108	54	piglit/glsl2/constructor-15.vert
OK	245	114	120	152	96	piglit/glsl2/constructor-16.vert
OK	146	39	79	104	52	piglit/glsl2/constructor-17.vert
OK	174	66	104	132	74	piglit/glsl2/constructor-18.vert
OK	173	65	105	132	74	piglit/glsl2/constructor-19.vert
OK	172	64	104	128	73	piglit/glsl2/constructor-20.vert
OK	208	100	121	156	100	piglit/glsl2/constructor-21.vert
OK	241	127	136	168	112	piglit/glsl2/constructor-22.vert
OK	158	66	100	132	75	piglit/glsl2/constructor-23.vert
OK	158	66	100	132	75	piglit/glsl2/constructor-24.vert
OK	202	54	94	120	67	piglit/glsl2/constructor-26.vert
OK	311	88	124	156	97	piglit/glsl2/constructor-28.vert
OK	164	80	113	144	93	piglit/glsl2/defined-01.vert
OK	494	402	167	204	149	piglit/glsl2/defined-02.vert
OK	197	99	135	168	108	piglit/glsl2/draw_buffers-01.frag
OK	816	103	132	168	111	piglit/glsl2/draw_buffers-05.vert
OK	290	62	99	128	75	piglit/glsl2/draw_buffers-06.vert
OK	199	93	120	152	99	piglit/glsl2/draw_buffers-08.frag
OK	268	127	135	172	115	piglit/glsl2/function-03.vert
OK	392	205	154	184	131	piglit/glsl2/function-06.vert
OK	264	56	91	120	69	piglit/glsl2/function-11.vert
OK	1368	252	238	280	209	piglit/glsl2/gst-gl-bulge.frag
OK	2135	470	308	352	289	piglit/glsl2/gst-gl-bumper.frag
OK	1923	411	236	272	210	piglit/glsl2/gst-gl-bumper.vert
OK	1698	424	297	336	268	piglit/glsl2/gst-gl-convolution.frag
OK	2056	435	238	272	215	piglit/glsl2/gst-gl-cube-v.vert
OK	1227	231	199	232	164	piglit/glsl2/gst-gl-difference.frag
OK	1354	242	233	276	201	piglit/glsl2/gst-gl-fisheye.frag
OK	2073	814	307	340	273	piglit/glsl2/gst-gl-glass.frag
OK	3709	1351	624	644	581	piglit/glsl2/gst-gl-greedyh.frag
OK	1759	371	296	332	268	piglit/glsl2/gst-gl-hconv9.frag
OK	1233	232	198	228	162	piglit/glsl2/gst-gl-interpolate.frag
OK	1230	231	239	276	199	piglit/glsl2/gst-gl-luma-threshold.frag
OK	1234	228	226	260	187	piglit/glsl2/gst-gl-luma-to-curve.frag
OK	1341	234	222	268	197	piglit/glsl2/gst-gl-mirror.frag
OK	1080	129	157	188	123	piglit/glsl2/gst-gl-mosaic-f.frag
OK	1985	480	284	312	251	piglit/glsl2/gst-gl-mosaic-v.vert
OK	1249	234	197	228	163	piglit/glsl2/gst-gl-multiply.frag
OK	1315	252	217	248	182	piglit/glsl2/gst-gl-rgb-to-curve.frag
OK	2390	654	441	500	429	piglit/glsl2/gst-gl-sin.frag
OK	1915	542	359	412	346	piglit/glsl2/gst-gl-sobel.frag
OK	1448	289	256	296	227	piglit/glsl2/gst-gl-square.frag
OK	1389	259	242	284	215	piglit/glsl2/gst-gl-squeeze.frag
OK	1248	243	189	224	160	piglit/glsl2/gst-gl-sum.frag
OK	1736	538	368	388	335	piglit/glsl2/gst-gl-text-download-i420-yv12.frag
OK	1840	568	360	376	322	piglit/glsl2/gst-gl-text-download-yuy2-uyvy.frag
OK	1396	301	270	300	231	piglit/glsl2/gst-gl-text-upload-ayuv.frag
OK	1566	311	286	308	240	piglit/glsl2/gst-gl-text-upload-i420-yv12.frag
OK	1697	349	292	316	249	piglit/glsl2/gst-gl-text-upload-yuy2-uyvy.frag
OK	1760	347	234	260	199	piglit/glsl2/gst-gl-texture-interp.frag
OK	1611	303	263	308	237	piglit/glsl2/gst-gl-tunnel.frag
OK	1483	309	271	320	249	piglit/glsl2/gst-gl-twirl.frag
OK	1600	349	285	328	258	piglit/glsl2/gst-gl-vconv9.frag
OK	226	98	101	140	85	piglit/glsl2/if-03.vert
OK	229	101	102	144	91	piglit/glsl2/if-04.vert
OK	230	114	135	156	105	piglit/glsl2/implicit-conversion-01.vert
OK	256	100	106	140	83	piglit/glsl2/invariant-01.vert
OK	356	75	105	140	88	piglit/glsl2/invariant-02.vert
OK	119	40	62	100	42	piglit/glsl2/late-proto.vert
OK	296	107	130	160	102	piglit/glsl2/local-function-03.frag
OK	260	106	125	168	104	piglit/glsl2/loop-01.vert
OK	272	111	129	172	109	piglit/glsl2/loop-02.vert
PARSE_FAIL	175	175	175	224	151	piglit/glsl2/loop-03.vert
PARSE_FAIL	201	201	185	236	162	piglit/glsl2/loop-04.vert
OK	250	50	81	116	63	piglit/glsl2/loop-06.vert
OK	217	98	119	156	96	piglit/glsl2/loop-07.frag
OK	434	266	158	192	137	piglit/glsl2/matrix-07.vert
OK	387	129	125	168	108	piglit/glsl2/matrix-08.vert
OK	194	80	108	148	93	piglit/glsl2/matrix-10.vert
OK	146	45	78	112	58	piglit/glsl2/matrix-11.vert
OK	155	54	87	120	67	piglit/glsl2/matrix-12.vert
OK	217	111	116	156	100	piglit/glsl2/max-uvec3.vert
OK	1985	722	412	460	393	piglit/glsl2/norsetto-bumptbn_sh_fp.frag
OK	1157	326	248	280	214	piglit/glsl2/norsetto-bumptbn_sh_fp.vert
OK	131	29	61	96	42	piglit/glsl2/parameters-02.vert
OK	213	115	112	148	90	piglit/glsl2/pragma-01.vert
OK	352	69	102	136	82	piglit/glsl2/pragma-02.vert
PARSE_FAIL	444	444	300	360	284	piglit/glsl2/pragma-07.vert
OK	491	242	207	252	182	piglit/glsl2/pragma-08.frag
OK	119	26	64	92	39	piglit/glsl2/precision-02.vert
OK	145	55	75	112	57	piglit/glsl2/precision-04.vert
OK	388	36	74	100	49	piglit/glsl2/precision-05.vert
OK	238	82	107	144	82	piglit/glsl2/precision-06.vert
OK	290	90	116	148	96	piglit/glsl2/preprocessor-01.frag
OK	249	72	101	132	74	piglit/glsl2/redeclaration-01.vert
OK	265	93	124	156	99	piglit/glsl2/redeclaration-02.vert
OK	386	74	110	140	80	piglit/glsl2/redeclaration-09.vert
OK	207	55	95	120	68	piglit/glsl2/redeclaration-12.vert
OK	209	65	106	132	78	piglit/glsl2/redeclaration-14.vert
OK	267	73	107	140	83	piglit/glsl2/redeclaration-16.vert
OK	204	88	126	148	95	piglit/glsl2/repeated-channel-assignment.vert
OK	245	112	129	176	105	piglit/glsl2/struct-03.vert
OK	191	71	104	136	77	piglit/glsl2/struct-04.vert
OK	288	116	136	176	113	piglit/glsl2/struct-06.frag
OK	146	41	72	108	54	piglit/glsl2/swiz-01.vert
OK	174	68	98	136	81	piglit/glsl2/tex_rect-01.frag
OK	277	79	112	144	92	piglit/glsl2/tex_rect-03.frag
OK	192	84	117	152	94	piglit/glsl2/tex_rect-04.frag
OK	196	88	121	156	98	piglit/glsl2/tex_rect-05.frag
OK	196	88	121	156	98	piglit/glsl2/tex_rect-06.frag
OK	197	89	119	152	97	piglit/glsl2/tex_rect-07.frag
OK	201	93	123	156	101	piglit/glsl2/tex_rect-08.frag
OK	162	23	59	88	36	piglit/glsl2/unary-plus.frag
OK	209	104	132	172	112	piglit/glsl2/uniform-01.vert
PARSE_FAIL	47205	47205	9475	8512	8660	piglit/glsl2/xonotic-vs-generic-diffuse.vert
OK	2154	411	262	292	227	piglit/glsl2/xreal-lighting-d-omni.frag
OK	1621	208	185	208	149	piglit/glsl2/xreal-lighting-d-omni.vert
OK	2282	483	290	324	255	piglit/glsl2/xreal-lighting-db-omni.frag
OK	1970	338	226	252	196	piglit/glsl2/xreal-lighting-db-omni.vert
OK	2782	677	338	372	303	piglit/glsl2/xreal-lighting-dbs-omni.frag
OK	2106	382	234	260	202	piglit/glsl2/xreal-lighting-dbs-omni.vert
OK	176	71	103	128	76	piglit/shaders/CorrectBuiltInOveride.frag
OK	339	166	170	212	143	piglit/shaders/CorrectComma.frag
OK	733	315	247	288	221	piglit/shaders/CorrectConstFolding1.vert
OK	13278	6011	1964	1776	1799	piglit/shaders/CorrectConstFolding2.vert
OK	527	284	211	248	183	piglit/shaders/CorrectConstruct.vert
OK	195	60	94	120	63	piglit/shaders/CorrectExtension1.V110.frag
OK	628	269	122	148	92	piglit/shaders/CorrectExtension10.V110.frag
OK	303	111	100	124	70	piglit/shaders/CorrectExtension4.V110.frag
PARSE_FAIL	5712	5712	1600	1588	1539	piglit/shaders/CorrectFull.frag
PARSE_FAIL	12504	12504	3216	3096	3063	piglit/shaders/CorrectFull.vert
OK	260	105	115	140	85	piglit/shaders/CorrectFuncOverload.frag
OK	405	177	162	192	125	piglit/shaders/CorrectFuncOverload.vert
OK	10501	3578	1058	968	907	piglit/shaders/CorrectFunction.vert
OK	536	279	209	252	182	piglit/shaders/CorrectFunction1.vert
PARSE_FAIL	699	699	339	376	308	piglit/shaders/CorrectMatComma.frag
PARSE_FAIL	434	434	259	296	233	piglit/shaders/CorrectMatComma2.frag
OK	934	434	226	264	202	piglit/shaders/CorrectModule.frag
OK	544	305	227	280	207	piglit/shaders/CorrectParse1.frag
OK	2440	805	448	508	440	piglit/shaders/CorrectParse2.frag
OK	2623	860	469	528	461	piglit/shaders/CorrectParse2.vert
OK	518	249	205	240	176	piglit/shaders/CorrectParseTest.frag
OK	285	143	153	184	122	piglit/shaders/CorrectParseTest1.frag
OK	476	323	186	216	156	piglit/shaders/CorrectPreprocess5.frag
OK	1415	1029	357	384	322	piglit/shaders/CorrectPreprocess8.frag
OK	502	309	232	272	203	piglit/shaders/CorrectPreprocess9.frag
OK	324	216	131	156	99	piglit/shaders/CorrectReservedWords.frag
OK	148	38	91	104	51	piglit/shaders/CorrectScalarVectorExpressions.frag
OK	466	121	130	160	102	piglit/shaders/CorrectSwizzle1.frag
OK	284	163	158	192	131	piglit/shaders/CorrectSwizzle1.vert
OK	745	407	232	276	214	piglit/shaders/CorrectSwizzle2.frag
OK	291	149	159	192	133	piglit/shaders/CorrectSwizzle2.vert
OK	444	91	111	144	90	piglit/shaders/CorrectSwizzle3.frag
OK	330	144	131	164	105	piglit/shaders/CorrectUnsizedArray.frag
OK	264	47	92	112	60	piglit/shaders/CorrectVersion.V110.frag
OK	175	79	125	148	92	piglit/shaders/TextureRectangleSamplers.frag
